sku,product_name,price,original_price,quantity_raw,valid_from,valid_until
100001,Sonnenäpfel,1.69,,1 kg,2026-10-05,2026-10-10
100002,Rispentomaten,1.49,1.99,1 kg,2026-10-05,2026-10-10
100003,Nordmeer Lachsfilet,2.99,,100 g,2026-10-05,2026-10-10
100004,Bergtal Fruchtjoghurt,0.39,0.59,150 g Becher,2026-10-05,2026-10-10
100005,Goldkrone Röstkaffee,6.99,,500 g Packung,2026-10-05,2026-10-10
100006,Steinofen Genuss Pizza Salami,1.79,2.89,320 g Packung,2026-10-05,2026-10-10
100007,Quellklar Mineralwasser,3.99,,"6 x 1,5 l PET-Flaschen",2026-10-05,2026-10-10
100008,Schola Schokolade,0.99,1.29,100 g Tafel,2026-10-05,2026-10-10
100009,Softina Toilettenpapier Samtweich,2.79,,8 x 150 Blatt Packung,2026-10-05,2026-10-10
